{"current_program_scene":"Intermission Jeu + Cam","current_scene":"Intermission Jeu + Cam","current_transition":"Transition Pistolerance","groups":[{"balance":0.5,"deinterlace_field_order":0,"deinterlace_mode":0,"enabled":true,"flags":0,"hotkeys":{"libobs.hide_scene_item.Musique Cover":[],"libobs.hide_scene_item.Spectralizer":[],"libobs.hide_scene_item.Titre Musique.txt":[],"libobs.show_scene_item.Musique Cover":[],"libobs.show_scene_item.Spectralizer":[],"libobs.show_scene_item.Titre Musique.txt":[]},"id":"group","mixers":0,"monitoring_type":0,"muted":false,"name":"Musique","prev_ver":453050371,"private_settings":{},"push-to-mute":false,"push-to-mute-delay":0,"push-to-talk":false,"push-to-talk-delay":0,"settings":{"custom_size":true,"cx":702,"cy":221,"id_counter":0,"items":[{"align":5,"bounds":{"x":0.0,"y":0.0},"bounds_align":0,"bounds_type":0,"crop_bottom":0,"crop_left":0,"crop_right":0,"crop_top":0,"group_item_backup":false,"hide_transition":{"duration":0},"id":9,"locked":true,"name":"Musique Cover","pos":{"x":0.0,"y":0.0},"private_settings":{},"rot":0.0,"scale":{"x":0.34531250596046448,"y":0.34531250596046448},"scale_filter":"disable","show_transition":{"duration":0},"visible":true},{"align":5,"bounds":{"x":0.0,"y":0.0},"bounds_align":0,"bounds_type":0,"crop_bottom":0,"crop_left":0,"crop_right":0,"crop_top":0,"group_item_backup":false,"hide_transition":{"duration":0},"id":10,"locked":true,"name":"Titre Musique.txt","pos":{"x":239.6785888671875,"y":47.94677734375},"private_settings":{},"rot":0.0,"scale":{"x":0.54060912132263184,"y":0.5409090518951416},"scale_filter":"disable","show_transition":{"duration":0},"visible":true},{"align":5,"bounds":{"x":0.0,"y":0.0},"bounds_align":0,"bounds_type":0,"crop_bottom":0,"crop_left":0,"crop_right":0,"crop_top":0,"group_item_backup":false,"hide_transition":{"duration":0},"id":11,"locked":true,"name":"Spectralizer","pos":{"x":223.92855834960938,"y":122.2552490234375},"private_settings":{},"rot":0.0,"scale":{"x":1.6017496585845947,"y":1.592656135559082},"scale_filter":"disable","show_transition":{"duration":0},"visible":true}]},"sync":0,"versioned_id":"group","volume":1.0},{"balance":0.5,"deinterlace_field_order":0,"deinterlace_mode":0,"enabled":true,"flags":0,"hotkeys":{"libobs.hide_scene_item.Son League Of Legends":[],"libobs.hide_scene_item.Spotify Jeu":[],"libobs.show_scene_item.Son League Of Legends":[],"libobs.show_scene_item.Spotify Jeu":[]},"id":"group","mixers":0,"monitoring_type":0,"muted":false,"name":"SON","prev_ver":453050371,"private_settings":{},"push-to-mute":false,"push-to-mute-delay":0,"push-to-talk":false,"push-to-talk-delay":0,"settings":{"custom_size":true,"cx":0,"cy":0,"id_counter":0,"items":[{"align":5,"bounds":{"x":0.0,"y":0.0},"bounds_align":0,"bounds_type":0,"crop_bottom":0,"crop_left":0,"crop_right":0,"crop_top":0,"group_item_backup":false,"hide_transition":{"duration":0},"id":10,"locked":true,"name":"Son League Of Legends","pos":{"x":0.0,"y":0.0},"private_settings":{},"rot":0.0,"scale":{"x":1.0,"y":1.0},"scale_filter":"disable","show_transition":{"duration":0},"visible":true},{"align":5,"bounds":{"x":0.0,"y":0.0},"bounds_align":0,"bounds_type":0,"crop_bottom":0,"crop_left":0,"crop_right":0,"crop_top":0,"group_item_backup":false,"hide_transition":{"duration":0},"id":9,"locked":true,"name":"Spotify Jeu","pos":{"x":0.0,"y":0.0},"private_settings":{},"rot":0.0,"scale":{"x":1.0,"y":1.0},"scale_filter":"disable","show_transition":{"duration":0},"visible":true}]},"sync":0,"versioned_id":"group","volume":1.0},{"balance":0.5,"deinterlace_field_order":0,"deinterlace_mode":0,"enabled":true,"flags":0,"hotkeys":{"libobs.hide_scene_item.Background":[],"libobs.hide_scene_item.Cover Musique":[],"libobs.hide_scene_item.Spectralizer":[],"libobs.hide_scene_item.Titre":[],"libobs.show_scene_item.Background":[],"libobs.show_scene_item.Cover Musique":[],"libobs.show_scene_item.Spectralizer":[],"libobs.show_scene_item.Titre":[]},"id":"group","mixers":0,"monitoring_type":0,"muted":false,"name":"Affiche Musique","prev_ver":453050371,"private_settings":{},"push-to-mute":false,"push-to-mute-delay":0,"push-to-talk":false,"push-to-talk-delay":0,"settings":{"custom_size":true,"cx":1920,"cy":413,"id_counter":0,"items":[{"align":5,"bounds":{"x":0.0,"y":0.0},"bounds_align":0,"bounds_type":0,"crop_bottom":0,"crop_left":0,"crop_right":0,"crop_top":0,"group_item_backup":false,"hide_transition":{"duration":0},"id":3,"locked":true,"name":"Background","pos":{"x":272.0,"y":0.0},"private_settings":{},"rot":0.0,"scale":{"x":0.85833334922790527,"y":0.85833334922790527},"scale_filter":"disable","show_transition":{"duration":0},"visible":true},{"align":5,"bounds":{"x":0.0,"y":0.0},"bounds_align":0,"bounds_type":0,"crop_bottom":0,"crop_left":0,"crop_right":0,"crop_top":0,"group_item_backup":false,"hide_transition":{"duration":0},"id":1,"locked":true,"name":"Cover Musique","pos":{"x":0.0,"y":0.0},"private_settings":{},"rot":0.0,"scale":{"x":0.64375001192092896,"y":0.64375001192092896},"scale_filter":"disable","show_transition":{"duration":0},"visible":true},{"align":5,"bounds":{"x":0.0,"y":0.0},"bounds_align":0,"bounds_type":0,"crop_bottom":0,"crop_left":0,"crop_right":0,"crop_top":0,"group_item_backup":false,"hide_transition":{"duration":0},"id":2,"locked":true,"name":"Titre","pos":{"x":661.0,"y":91.0},"private_settings":{},"rot":0.0,"scale":{"x":0.49501246213912964,"y":0.49523809552192688},"scale_filter":"disable","show_transition":{"duration":0},"visible":true},{"align":5,"bounds":{"x":0.0,"y":0.0},"bounds_align":0,"bounds_type":0,"crop_bottom":0,"crop_left":0,"crop_right":0,"crop_top":0,"group_item_backup":false,"hide_transition":{"duration":0},"id":5,"locked":true,"name":"Spectralizer","pos":{"x":411.0,"y":140.0},"private_settings":{},"rot":0.0,"scale":{"x":4.3918919563293457,"y":4.3899998664855957},"scale_filter":"disable","show_transition":{"duration":0},"visible":true}]},"sync":0,"versioned_id":"group","volume":1.0},{"balance":0.5,"deinterlace_field_order":0,"deinterlace_mode":0,"enabled":true,"flags":0,"hotkeys":{"libobs.hide_scene_item.Chat Jeu":[],"libobs.hide_scene_item.chat.png":[],"libobs.show_scene_item.Chat Jeu":[],"libobs.show_scene_item.chat.png":[]},"id":"group","mixers":0,"monitoring_type":0,"muted":false,"name":"Chat","prev_ver":453050371,"private_settings":{},"push-to-mute":false,"push-to-mute-delay":0,"push-to-talk":false,"push-to-talk-delay":0,"settings":{"custom_size":true,"cx":503,"cy":577,"id_counter":0,"items":[{"align":5,"bounds":{"x":0.0,"y":0.0},"bounds_align":0,"bounds_type":0,"crop_bottom":128,"crop_left":1435,"crop_right":0,"crop_top":396,"group_item_backup":false,"hide_transition":{"duration":0},"id":11,"locked":true,"name":"chat.png","pos":{"x":0.0,"y":0.0},"private_settings":{},"rot":0.0,"scale":{"x":1.0371134281158447,"y":1.0377697944641113},"scale_filter":"disable","show_transition":{"duration":0},"visible":true},{"align":5,"bounds":{"x":0.0,"y":0.0},"bounds_align":0,"bounds_type":0,"crop_bottom":0,"crop_left":0,"crop_right":0,"crop_top":0,"group_item_backup":false,"hide_transition":{"duration":0},"id":15,"locked":true,"name":"Chat Jeu","pos":{"x":28.0,"y":92.0},"private_settings":{},"rot":0.0,"scale":{"x":1.0222222805023193,"y":1.02173912525177},"scale_filter":"disable","show_transition":{"duration":0},"visible":true}]},"sync":0,"versioned_id":"group","volume":1.0}],"modules":{"auto-scene-switcher":{"active":false,"interval":300,"non_matching_scene":"","switch_if_not_matching":false,"switches":[]},"captions":{"enabled":false,"lang_id":1036,"provider":"mssapi","source":""},"decklink_captions":{"source":""},"output-timer":{"autoStartRecordTimer":false,"autoStartStreamTimer":false,"pauseRecordTimer":true,"recordTimerHours":0,"recordTimerMinutes":0,"recordTimerSeconds":30,"streamTimerHours":0,"streamTimerMinutes":0,"streamTimerSeconds":30},"scripts-tool":[{"path":"C:/Users/skist/obs-studio/data/obs-plugins/frontend-tools/scripts/countdown.lua","settings":{"duration":5,"reset_hotkey":[],"source":"Countdown","stop_text":""}},{"path":"C:/Users/skist/obs-studio/data/obs-plugins/frontend-tools/scripts/instant-replay.lua","settings":{"instant_replay.trigger":[]}},{"path":"C:/Users/skist/Downloads/timecode-text.lua","settings":{"keep_updated":false,"show_date":false,"show_frame":true,"show_utc":false,"source":"ERREUR TEXT","time_mode":"24 Hour"}}],"tuna":{"vlc_next_hotkey":[],"vlc_prev_hotkey":[]}},"name":"PistoleranceTV","preview_locked":false,"quick_transitions":[{"duration":300,"fade_to_black":false,"hotkeys":[],"id":1,"name":"Coupure"},{"duration":300,"fade_to_black":false,"hotkeys":[],"id":2,"name":"Fondu"},{"duration":300,"fade_to_black":true,"hotkeys":[],"id":3,"name":"Fondu"}],"saved_projectors":[],"scaling_enabled":false,"scaling_level":0,"scaling_off_x":0.0,"scaling_off_y":0.0,"scene_order":[{"name":"Rien"},{"name":"Début"},{"name":"Intermission Jeu + Cam"},{"name":"Jeu Grand + Sans Cam"},{"name":"LOL Champ Select"},{"name":"Pause"},{"name":"Fin"},{"name":"CAM [NE PAS CLIQUEZ]"},{"name":"MUSIQUE [NE PAS CLIQUEZ]"}],"sources":[{"balance":0.5,"deinterlace_field_order":0,"deinterlace_mode":0,"enabled":true,"flags":0,"hotkeys":{"OBSBasic.SelectScene":[]},"id":"scene","mixers":0,"monitoring_type":0,"muted":false,"name":"LOL Champ Select","prev_ver":453050371,"private_settings":{},"push-to-mute":false,"push-to-mute-delay":0,"push-to-talk":false,"push-to-talk-delay":0,"settings":{"custom_size":false,"id_counter":2,"items":[]},"sync":0,"versioned_id":"scene","volume":1.0},{"balance":0.5,"deinterlace_field_order":0,"deinterlace_mode":0,"enabled":true,"flags":0,"hotkeys":{},"id":"text_gdiplus","mixers":0,"monitoring_type":0,"muted":false,"name":"Titre Musique.txt","prev_ver":453050371,"private_settings":{},"push-to-mute":false,"push-to-mute-delay":0,"push-to-talk":false,"push-to-talk-delay":0,"settings":{"align":"left","antialiasing":true,"bk_color":0,"bk_opacity":0,"chatlog_lines":6,"color":16777215,"extents_cx":100,"extents_cy":100,"extents_wrap":true,"file":"C:/Users/skist/Desktop/Fichier OBS/Titre Musique.txt","font":{"face":"Impact","flags":0,"size":100,"style":"Normal"},"gradient_color":16777215,"gradient_dir":90.0,"gradient_opacity":100,"opacity":100,"outline":true,"outline_color":4278190080,"outline_opacity":100,"outline_size":20,"read_from_file":true,"transform":0,"undo_sname":"Titre Musique.txt","valign":"top"},"sync":0,"versioned_id":"text_gdiplus","volume":1.0},{"balance":0.5,"deinterlace_field_order":0,"deinterlace_mode":0,"enabled":true,"flags":0,"hotkeys":{},"id":"image_source","mixers":0,"monitoring_type":0,"muted":false,"name":"Musique Cover","prev_ver":453050371,"private_settings":{},"push-to-mute":false,"push-to-mute-delay":0,"push-to-talk":false,"push-to-talk-delay":0,"settings":{"file":"C:/Users/skist/cover.png"},"sync":0,"versioned_id":"image_source","volume":1.0},{"balance":0.5,"deinterlace_field_order":0,"deinterlace_mode":0,"enabled":true,"flags":0,"hotkeys":{},"id":"image_source","mixers":0,"monitoring_type":0,"muted":false,"name":"Background","prev_ver":453050371,"private_settings":{},"push-to-mute":false,"push-to-mute-delay":0,"push-to-talk":false,"push-to-talk-delay":0,"settings":{"file":"C:/Users/skist/Downloads/BannerMusique.png"},"sync":0,"versioned_id":"image_source","volume":1.0},{"balance":0.5,"deinterlace_field_order":0,"deinterlace_mode":0,"enabled":true,"flags":0,"hotkeys":{},"id":"text_gdiplus","mixers":0,"monitoring_type":0,"muted":false,"name":"Titre","prev_ver":453050371,"private_settings":{},"push-to-mute":false,"push-to-mute-delay":0,"push-to-talk":false,"push-to-talk-delay":0,"settings":{"align":"left","antialiasing":true,"bk_color":4280976847,"bk_opacity":0,"chatlog_lines":6,"color":16777215,"extents_cx":100,"extents_cy":100,"extents_wrap":true,"file":"C:/Users/skist/Desktop/Fichier OBS/Titre Musique.txt","font":{"face":"Impact","flags":0,"size":200,"style":"Normal"},"gradient_color":16777215,"gradient_dir":90.0,"gradient_opacity":100,"opacity":100,"outline":true,"outline_color":4280911311,"outline_opacity":100,"outline_size":20,"read_from_file":true,"transform":0,"valign":"top"},"sync":0,"versioned_id":"text_gdiplus_v2","volume":1.0},{"balance":0.5,"deinterlace_field_order":0,"deinterlace_mode":0,"enabled":true,"flags":0,"hotkeys":{},"id":"image_source","mixers":0,"monitoring_type":0,"muted":false,"name":"Cover Musique","prev_ver":453050371,"private_settings":{},"push-to-mute":false,"push-to-mute-delay":0,"push-to-talk":false,"push-to-talk-delay":0,"settings":{"file":"C:/Users/skist/cover.png","linear_alpha":false,"unload":false},"sync":0,"versioned_id":"image_source","volume":1.0},{"balance":0.5,"deinterlace_field_order":0,"deinterlace_mode":0,"enabled":true,"flags":0,"hotkeys":{"OBSBasic.SelectScene":[],"libobs.hide_scene_item.Affiche Musique":[],"libobs.show_scene_item.Affiche Musique":[]},"id":"scene","mixers":0,"monitoring_type":0,"muted":false,"name":"MUSIQUE [NE PAS CLIQUEZ]","prev_ver":453050371,"private_settings":{},"push-to-mute":false,"push-to-mute-delay":0,"push-to-talk":false,"push-to-talk-delay":0,"settings":{"custom_size":false,"id_counter":8,"items":[{"align":5,"bounds":{"x":0.0,"y":0.0},"bounds_align":0,"bounds_type":0,"crop_bottom":0,"crop_left":0,"crop_right":0,"crop_top":0,"group_item_backup":true,"hide_transition":{"duration":0},"id":3,"locked":true,"name":"Background","pos":{"x":272.0,"y":392.0},"private_settings":{},"rot":0.0,"scale":{"x":0.85833334922790527,"y":0.85833334922790527},"scale_filter":"disable","show_transition":{"duration":0},"visible":true},{"align":5,"bounds":{"x":0.0,"y":0.0},"bounds_align":0,"bounds_type":0,"crop_bottom":0,"crop_left":0,"crop_right":0,"crop_top":0,"group_item_backup":true,"hide_transition":{"duration":0},"id":1,"locked":true,"name":"Cover Musique","pos":{"x":0.0,"y":392.0},"private_settings":{},"rot":0.0,"scale":{"x":0.64375001192092896,"y":0.64375001192092896},"scale_filter":"disable","show_transition":{"duration":0},"visible":true},{"align":5,"bounds":{"x":0.0,"y":0.0},"bounds_align":0,"bounds_type":0,"crop_bottom":0,"crop_left":0,"crop_right":0,"crop_top":0,"group_item_backup":true,"hide_transition":{"duration":0},"id":2,"locked":true,"name":"Titre","pos":{"x":661.0,"y":483.0},"private_settings":{},"rot":0.0,"scale":{"x":0.49501246213912964,"y":0.49523809552192688},"scale_filter":"disable","show_transition":{"duration":0},"visible":true},{"align":5,"bounds":{"x":0.0,"y":0.0},"bounds_align":0,"bounds_type":0,"crop_bottom":0,"crop_left":0,"crop_right":0,"crop_top":0,"group_item_backup":true,"hide_transition":{"duration":0},"id":5,"locked":true,"name":"Spectralizer","pos":{"x":411.0,"y":532.0},"private_settings":{},"rot":0.0,"scale":{"x":4.3918919563293457,"y":4.3899998664855957},"scale_filter":"disable","show_transition":{"duration":0},"visible":true},{"align":5,"bounds":{"x":0.0,"y":0.0},"bounds_align":0,"bounds_type":0,"crop_bottom":0,"crop_left":0,"crop_right":0,"crop_top":0,"group_item_backup":false,"hide_transition":{"duration":0},"id":8,"locked":true,"name":"Affiche Musique","pos":{"x":0.0,"y":392.0},"private_settings":{"collapsed":false},"rot":0.0,"scale":{"x":1.0,"y":1.0},"scale_filter":"disable","show_transition":{"duration":0},"visible":true}]},"sync":0,"versioned_id":"scene","volume":1.0},{"balance":0.5,"deinterlace_field_order":0,"deinterlace_mode":0,"enabled":true,"flags":0,"hotkeys":{"libobs.mute":[],"libobs.push-to-mute":[],"libobs.push-to-talk":[],"libobs.unmute":[]},"id":"dshow_input","mixers":255,"monitoring_type":0,"muted":false,"name":"Cam [NE PAS TOUCHER]","prev_ver":453050371,"private_settings":{},"push-to-mute":false,"push-to-mute-delay":0,"push-to-talk":false,"push-to-talk-delay":0,"settings":{"active":false,"frame_interval":333333,"last_resolution":"1280x720","last_video_device_id":"Integrated Webcam:\\\\?\\usb#22vid_0bda&pid_5678&mi_00#226&374fba5&0&0000#22{65e8773d-8f56-11d0-a3b9-00a0c9223196}\\global","res_type":1,"resolution":"1280x720","video_device_id":"Integrated Webcam:\\\\?\\usb#22vid_0bda&pid_5678&mi_00#226&374fba5&0&0000#22{65e8773d-8f56-11d0-a3b9-00a0c9223196}\\global"},"sync":0,"versioned_id":"dshow_input","volume":1.0},{"balance":0.5,"deinterlace_field_order":0,"deinterlace_mode":0,"enabled":true,"flags":0,"hotkeys":{},"id":"image_source","mixers":0,"monitoring_type":0,"muted":false,"name":"Overlay Cam + Logo Orange.png","prev_ver":453050371,"private_settings":{},"push-to-mute":false,"push-to-mute-delay":0,"push-to-talk":false,"push-to-talk-delay":0,"settings":{"file":"C:/Users/skist/Desktop/Fichier OBS/Overlay Cam + Logo Orange.png"},"sync":0,"versioned_id":"image_source","volume":1.0},{"balance":0.5,"deinterlace_field_order":0,"deinterlace_mode":0,"enabled":true,"flags":0,"hotkeys":{"OBSBasic.SelectScene":[],"libobs.hide_scene_item.Cam [NE PAS TOUCHER]":[],"libobs.hide_scene_item.Overlay Cam + Logo Orange.png":[],"libobs.show_scene_item.Cam [NE PAS TOUCHER]":[],"libobs.show_scene_item.Overlay Cam + Logo Orange.png":[]},"id":"scene","mixers":0,"monitoring_type":0,"muted":false,"name":"CAM [NE PAS CLIQUEZ]","prev_ver":453050371,"private_settings":{},"push-to-mute":false,"push-to-mute-delay":0,"push-to-talk":false,"push-to-talk-delay":0,"settings":{"custom_size":false,"id_counter":2,"items":[{"align":5,"bounds":{"x":0.0,"y":0.0},"bounds_align":0,"bounds_type":0,"crop_bottom":0,"crop_left":0,"crop_right":0,"crop_top":0,"group_item_backup":false,"hide_transition":{"duration":0},"id":2,"locked":true,"name":"Cam [NE PAS TOUCHER]","pos":{"x":332.0,"y":114.0},"private_settings":{},"rot":0.0,"scale":{"x":0.98124998807907104,"y":0.98194444179534912},"scale_filter":"disable","show_transition":{"duration":0},"visible":true},{"align":5,"bounds":{"x":0.0,"y":0.0},"bounds_align":0,"bounds_type":0,"crop_bottom":0,"crop_left":0,"crop_right":0,"crop_top":0,"group_item_backup":false,"hide_transition":{"duration":0},"id":1,"locked":true,"name":"Overlay Cam + Logo Orange.png","pos":{"x":0.0,"y":0.0},"private_settings":{},"rot":0.0,"scale":{"x":1.0,"y":1.0},"scale_filter":"disable","show_transition":{"duration":0},"visible":true}]},"sync":0,"versioned_id":"scene","volume":1.0},{"balance":0.5,"deinterlace_field_order":0,"deinterlace_mode":0,"enabled":true,"flags":0,"hotkeys":{"OBSBasic.SelectScene":[],"libobs.hide_scene_item.Alert Box":[],"libobs.hide_scene_item.CAM [NE PAS CLIQUEZ]":[],"libobs.hide_scene_item.Capture de Jeu":[],"libobs.hide_scene_item.Capture de fenêtre 2":[],"libobs.hide_scene_item.Chat":[],"libobs.hide_scene_item.MUSIQUE [NE PAS CLIQUEZ]":[],"libobs.hide_scene_item.SON":[],"libobs.show_scene_item.Alert Box":[],"libobs.show_scene_item.CAM [NE PAS CLIQUEZ]":[],"libobs.show_scene_item.Capture de Jeu":[],"libobs.show_scene_item.Capture de fenêtre 2":[],"libobs.show_scene_item.Chat":[],"libobs.show_scene_item.MUSIQUE [NE PAS CLIQUEZ]":[],"libobs.show_scene_item.SON":[]},"id":"scene","mixers":0,"monitoring_type":0,"muted":false,"name":"Jeu Grand + Sans Cam","prev_ver":453050371,"private_settings":{},"push-to-mute":false,"push-to-mute-delay":0,"push-to-talk":false,"push-to-talk-delay":0,"settings":{"custom_size":false,"id_counter":17,"items":[{"align":5,"bounds":{"x":0.0,"y":0.0},"bounds_align":0,"bounds_type":0,"crop_bottom":0,"crop_left":0,"crop_right":0,"crop_top":0,"group_item_backup":false,"hide_transition":{"duration":0},"id":12,"locked":true,"name":"Capture de fenêtre 2","pos":{"x":0.0,"y":0.0},"private_settings":{},"rot":0.0,"scale":{"x":1.0,"y":1.0},"scale_filter":"disable","show_transition":{"duration":0},"visible":false},{"align":5,"bounds":{"x":0.0,"y":0.0},"bounds_align":0,"bounds_type":0,"crop_bottom":0,"crop_left":0,"crop_right":0,"crop_top":0,"group_item_backup":false,"hide_transition":{"duration":0},"id":5,"locked":true,"name":"Capture de Jeu","pos":{"x":0.0,"y":0.0},"private_settings":{},"rot":0.0,"scale":{"x":1.0,"y":1.0},"scale_filter":"disable","show_transition":{"duration":0},"visible":false},{"align":5,"bounds":{"x":0.0,"y":0.0},"bounds_align":0,"bounds_type":0,"crop_bottom":75,"crop_left":286,"crop_right":290,"crop_top":77,"group_item_backup":false,"hide_transition":{"duration":0},"id":3,"locked":true,"name":"CAM [NE PAS CLIQUEZ]","pos":{"x":1475.0,"y":75.0},"private_settings":{},"rot":0.0,"scale":{"x":0.3311011791229248,"y":0.33081895112991333},"scale_filter":"disable","show_transition":{"duration":0},"visible":false},{"align":5,"bounds":{"x":0.0,"y":0.0},"bounds_align":0,"bounds_type":0,"crop_bottom":0,"crop_left":0,"crop_right":0,"crop_top":0,"group_item_backup":false,"hide_transition":{"duration":0},"id":4,"locked":true,"name":"Alert Box","pos":{"x":1100.0,"y":307.0},"private_settings":{},"rot":0.0,"scale":{"x":0.78374999761581421,"y":0.78333336114883423},"scale_filter":"disable","show_transition":{"duration":0},"visible":true},{"align":5,"bounds":{"x":0.0,"y":0.0},"bounds_align":0,"bounds_type":0,"crop_bottom":273,"crop_left":0,"crop_right":0,"crop_top":396,"group_item_backup":false,"hide_transition":{"duration":0},"id":6,"locked":true,"name":"MUSIQUE [NE PAS CLIQUEZ]","pos":{"x":0.0,"y":972.0},"private_settings":{},"rot":0.0,"scale":{"x":0.2630208432674408,"y":0.26277372241020203},"scale_filter":"disable","show_transition":{"duration":0},"visible":false},{"align":5,"bounds":{"x":0.0,"y":0.0},"bounds_align":0,"bounds_type":0,"crop_bottom":0,"crop_left":0,"crop_right":0,"crop_top":0,"group_item_backup":true,"hide_transition":{"duration":0},"id":10,"locked":true,"name":"Son League Of Legends","pos":{"x":0.0,"y":0.0},"private_settings":{},"rot":0.0,"scale":{"x":1.0,"y":1.0},"scale_filter":"disable","show_transition":{"duration":0},"visible":true},{"align":5,"bounds":{"x":0.0,"y":0.0},"bounds_align":0,"bounds_type":0,"crop_bottom":0,"crop_left":0,"crop_right":0,"crop_top":0,"group_item_backup":true,"hide_transition":{"duration":0},"id":9,"locked":true,"name":"Spotify Jeu","pos":{"x":0.0,"y":0.0},"private_settings":{},"rot":0.0,"scale":{"x":1.0,"y":1.0},"scale_filter":"disable","show_transition":{"duration":0},"visible":true},{"align":5,"bounds":{"x":0.0,"y":0.0},"bounds_align":0,"bounds_type":0,"crop_bottom":0,"crop_left":0,"crop_right":0,"crop_top":0,"group_item_backup":false,"hide_transition":{"duration":0},"id":16,"locked":true,"name":"SON","pos":{"x":0.0,"y":0.0},"private_settings":{},"rot":0.0,"scale":{"x":1.0,"y":1.0},"scale_filter":"disable","show_transition":{"duration":0},"visible":true},{"align":5,"bounds":{"x":0.0,"y":0.0},"bounds_align":0,"bounds_type":0,"crop_bottom":128,"crop_left":1435,"crop_right":0,"crop_top":396,"group_item_backup":true,"hide_transition":{"duration":0},"id":11,"locked":true,"name":"chat.png","pos":{"x":0.0,"y":637.0},"private_settings":{},"rot":0.0,"scale":{"x":0.79587632417678833,"y":0.79676258563995361},"scale_filter":"disable","show_transition":{"duration":0},"visible":true},{"align":5,"bounds":{"x":0.0,"y":0.0},"bounds_align":0,"bounds_type":0,"crop_bottom":0,"crop_left":0,"crop_right":0,"crop_top":0,"group_item_backup":true,"hide_transition":{"duration":0},"id":15,"locked":true,"name":"Chat Jeu","pos":{"x":21.487077713012695,"y":707.63433837890625},"private_settings":{},"rot":0.0,"scale":{"x":0.78444892168045044,"y":0.7844548225402832},"scale_filter":"disable","show_transition":{"duration":0},"visible":true},{"align":5,"bounds":{"x":0.0,"y":0.0},"bounds_align":0,"bounds_type":0,"crop_bottom":0,"crop_left":8,"crop_right":0,"crop_top":0,"group_item_backup":false,"hide_transition":{"duration":0},"id":17,"locked":false,"name":"Chat","pos":{"x":0.0,"y":637.0},"private_settings":{},"rot":0.0,"scale":{"x":0.76739561557769775,"y":0.76776427030563354},"scale_filter":"disable","show_transition":{"duration":0},"visible":true}]},"sync":0,"versioned_id":"scene","volume":1.0},{"balance":0.5,"deinterlace_field_order":0,"deinterlace_mode":0,"enabled":true,"flags":0,"hotkeys":{},"id":"image_source","mixers":0,"monitoring_type":0,"muted":false,"name":"Overlay Petite Pause Orange.png","prev_ver":453050371,"private_settings":{},"push-to-mute":false,"push-to-mute-delay":0,"push-to-talk":false,"push-to-talk-delay":0,"settings":{"file":"C:/Users/skist/Desktop/Fichier OBS/Overlay Petite Pause Orange.png"},"sync":0,"versioned_id":"image_source","volume":1.0},{"balance":0.5,"deinterlace_field_order":0,"deinterlace_mode":0,"enabled":true,"flags":0,"hotkeys":{"libobs.mute":[],"libobs.push-to-mute":[],"libobs.push-to-talk":[],"libobs.unmute":[]},"id":"browser_source","mixers":255,"monitoring_type":0,"muted":false,"name":"Chat Twitch Cam + Jeu","prev_ver":453050371,"private_settings":{},"push-to-mute":false,"push-to-mute-delay":0,"push-to-talk":false,"push-to-talk-delay":0,"settings":{"css":"body { background-color: rgba(0, 0, 0, 0); margin: 0px auto; overflow: hidden; }","fps":30,"fps_custom":false,"height":460,"reroute_audio":false,"restart_when_active":false,"shutdown":false,"url":"https://streamlabs.com/widgets/chat-box/v1/1A825521FC2A650F8ADC","webpage_control_level":1,"width":450},"sync":0,"versioned_id":"browser_source","volume":1.0},{"balance":0.5,"deinterlace_field_order":0,"deinterlace_mode":0,"enabled":true,"flags":0,"hotkeys":{},"id":"window_capture","mixers":0,"monitoring_type":0,"muted":false,"name":"Capture","prev_ver":453050371,"private_settings":{},"push-to-mute":false,"push-to-mute-delay":0,"push-to-talk":false,"push-to-talk-delay":0,"settings":{"window":"transition stinger orange - YouTube - Google Chrome:Chrome_WidgetWin_1:chrome.exe"},"sync":0,"versioned_id":"window_capture","volume":1.0},{"balance":0.5,"deinterlace_field_order":0,"deinterlace_mode":0,"enabled":true,"flags":0,"hotkeys":{"libobs.mute":[],"libobs.push-to-mute":[],"libobs.push-to-talk":[],"libobs.unmute":[]},"id":"dshow_input","mixers":255,"monitoring_type":0,"muted":false,"name":"Camera","prev_ver":453050371,"private_settings":{},"push-to-mute":false,"push-to-mute-delay":0,"push-to-talk":false,"push-to-talk-delay":0,"settings":{"active":false,"frame_interval":333333,"last_resolution":"1280x720","last_video_device_id":"Integrated Webcam:\\\\?\\usb#22vid_0bda&pid_5678&mi_00#226&374fba5&0&0000#22{65e8773d-8f56-11d0-a3b9-00a0c9223196}\\global","res_type":1,"resolution":"1280x720","video_device_id":"Integrated Webcam:\\\\?\\usb#22vid_0bda&pid_5678&mi_00#226&374fba5&0&0000#22{65e8773d-8f56-11d0-a3b9-00a0c9223196}\\global"},"sync":0,"versioned_id":"dshow_input","volume":0.0},{"balance":0.5,"deinterlace_field_order":0,"deinterlace_mode":0,"enabled":true,"flags":0,"hotkeys":{},"id":"image_source","mixers":0,"monitoring_type":0,"muted":false,"name":"Overlay Intermission Orange.png","prev_ver":453050371,"private_settings":{},"push-to-mute":false,"push-to-mute-delay":0,"push-to-talk":false,"push-to-talk-delay":0,"settings":{"file":"C:/Users/skist/Desktop/Fichier OBS/Overlay Intermission Orange.png"},"sync":0,"versioned_id":"image_source","volume":1.0},{"balance":0.5,"deinterlace_field_order":0,"deinterlace_mode":0,"enabled":true,"flags":0,"hotkeys":{},"id":"image_source","mixers":0,"monitoring_type":0,"muted":false,"name":"Logo Pistolerance","prev_ver":453050371,"private_settings":{},"push-to-mute":false,"push-to-mute-delay":0,"push-to-talk":false,"push-to-talk-delay":0,"settings":{"file":"C:/Users/skist/Downloads/channels4_profile-removebg-preview.png"},"sync":0,"versioned_id":"image_source","volume":1.0},{"balance":0.5,"deinterlace_field_order":0,"deinterlace_mode":0,"enabled":true,"flags":0,"hotkeys":{"libobs.mute":[],"libobs.push-to-mute":[],"libobs.push-to-talk":[],"libobs.unmute":[]},"id":"browser_source","mixers":255,"monitoring_type":0,"muted":false,"name":"Chat Twitch","prev_ver":453050371,"private_settings":{},"push-to-mute":false,"push-to-mute-delay":0,"push-to-talk":false,"push-to-talk-delay":0,"settings":{"css":"body { background-color: rgba(0, 0, 0, 0); margin: 0px auto; overflow: hidden; }","fps":30,"fps_custom":false,"height":840,"reroute_audio":false,"restart_when_active":false,"shutdown":false,"undo_sname":"Chat Twitch","url":"https://streamlabs.com/widgets/chat-box/v1/1A825521FC2A650F8ADC","webpage_control_level":1,"width":550},"sync":0,"versioned_id":"browser_source","volume":1.0},{"balance":0.5,"deinterlace_field_order":0,"deinterlace_mode":0,"enabled":true,"flags":0,"hotkeys":{},"id":"image_source","mixers":0,"monitoring_type":0,"muted":false,"name":"Overlay Debut de live Orange.png","prev_ver":453050371,"private_settings":{},"push-to-mute":false,"push-to-mute-delay":0,"push-to-talk":false,"push-to-talk-delay":0,"settings":{"file":"C:/Users/skist/Desktop/Fichier OBS/Overlay Debut de live Orange.png"},"sync":0,"versioned_id":"image_source","volume":1.0},{"balance":0.5,"deinterlace_field_order":0,"deinterlace_mode":0,"enabled":true,"flags":0,"hotkeys":{"OBSBasic.SelectScene":[],"libobs.hide_scene_item.Alert Box":[],"libobs.hide_scene_item.Camera":[],"libobs.hide_scene_item.Capture":[],"libobs.hide_scene_item.Capture de fenêtre":[],"libobs.hide_scene_item.Chat Twitch Cam + Jeu":[],"libobs.hide_scene_item.Musique":[],"libobs.hide_scene_item.New Overlay":[],"libobs.hide_scene_item.Overlay Intermission Orange.png":[],"libobs.hide_scene_item.Spotify Jeu":[],"libobs.show_scene_item.Alert Box":[],"libobs.show_scene_item.Camera":[],"libobs.show_scene_item.Capture":[],"libobs.show_scene_item.Capture de fenêtre":[],"libobs.show_scene_item.Chat Twitch Cam + Jeu":[],"libobs.show_scene_item.Musique":[],"libobs.show_scene_item.New Overlay":[],"libobs.show_scene_item.Overlay Intermission Orange.png":[],"libobs.show_scene_item.Spotify Jeu":[]},"id":"scene","mixers":0,"monitoring_type":0,"muted":false,"name":"Intermission Jeu + Cam","prev_ver":453050371,"private_settings":{},"push-to-mute":false,"push-to-mute-delay":0,"push-to-talk":false,"push-to-talk-delay":0,"settings":{"custom_size":false,"id_counter":10,"items":[{"align":5,"bounds":{"x":0.0,"y":0.0},"bounds_align":0,"bounds_type":0,"crop_bottom":0,"crop_left":0,"crop_right":0,"crop_top":0,"group_item_backup":false,"hide_transition":{"duration":0},"id":3,"locked":true,"name":"Capture","pos":{"x":18.0,"y":75.0},"private_settings":{},"rot":0.0,"scale":{"x":0.74622201919555664,"y":0.85558855533599854},"scale_filter":"disable","show_transition":{"duration":0},"visible":false},{"align":5,"bounds":{"x":0.0,"y":0.0},"bounds_align":0,"bounds_type":0,"crop_bottom":0,"crop_left":0,"crop_right":0,"crop_top":0,"group_item_backup":false,"hide_transition":{"duration":0},"id":2,"locked":true,"name":"Camera","pos":{"x":1452.0,"y":135.0},"private_settings":{},"rot":0.0,"scale":{"x":0.35859376192092896,"y":0.35833331942558289},"scale_filter":"disable","show_transition":{"duration":0},"visible":true},{"align":5,"bounds":{"x":0.0,"y":0.0},"bounds_align":0,"bounds_type":0,"crop_bottom":0,"crop_left":0,"crop_right":0,"crop_top":0,"group_item_backup":false,"hide_transition":{"duration":0},"id":7,"locked":true,"name":"Capture de fenêtre","pos":{"x":20.0,"y":84.0},"private_settings":{},"rot":0.0,"scale":{"x":0.73944765329360962,"y":0.84866470098495483},"scale_filter":"disable","show_transition":{"duration":0},"visible":false},{"align":5,"bounds":{"x":0.0,"y":0.0},"bounds_align":0,"bounds_type":0,"crop_bottom":0,"crop_left":0,"crop_right":0,"crop_top":0,"group_item_backup":false,"hide_transition":{"duration":0},"id":1,"locked":true,"name":"Overlay Intermission Orange.png","pos":{"x":0.0,"y":0.0},"private_settings":{},"rot":0.0,"scale":{"x":1.0,"y":1.0},"scale_filter":"disable","show_transition":{"duration":0},"visible":false},{"align":5,"bounds":{"x":0.0,"y":0.0},"bounds_align":0,"bounds_type":0,"crop_bottom":0,"crop_left":0,"crop_right":0,"crop_top":0,"group_item_backup":false,"hide_transition":{"duration":0},"id":8,"locked":true,"name":"New Overlay","pos":{"x":0.0,"y":0.0},"private_settings":{},"rot":0.0,"scale":{"x":1.0,"y":1.0},"scale_filter":"disable","show_transition":{"duration":0},"visible":true},{"align":5,"bounds":{"x":0.0,"y":0.0},"bounds_align":0,"bounds_type":0,"crop_bottom":0,"crop_left":0,"crop_right":0,"crop_top":0,"group_item_backup":false,"hide_transition":{"duration":0},"id":4,"locked":true,"name":"Chat Twitch Cam + Jeu","pos":{"x":1455.0,"y":482.0},"private_settings":{},"rot":0.0,"scale":{"x":1.0,"y":1.0},"scale_filter":"disable","show_transition":{"duration":0},"visible":true},{"align":5,"bounds":{"x":0.0,"y":0.0},"bounds_align":0,"bounds_type":0,"crop_bottom":0,"crop_left":0,"crop_right":0,"crop_top":0,"group_item_backup":false,"hide_transition":{"duration":0},"id":6,"locked":true,"name":"Alert Box","pos":{"x":481.0,"y":274.0},"private_settings":{},"rot":0.0,"scale":{"x":0.77499997615814209,"y":0.77499997615814209},"scale_filter":"disable","show_transition":{"duration":0},"visible":true},{"align":5,"bounds":{"x":0.0,"y":0.0},"bounds_align":0,"bounds_type":0,"crop_bottom":0,"crop_left":0,"crop_right":0,"crop_top":0,"group_item_backup":true,"hide_transition":{"duration":0},"id":9,"locked":true,"name":"Musique Cover","pos":{"x":0.0,"y":972.0},"private_settings":{},"rot":0.0,"scale":{"x":0.16872106492519379,"y":0.16875000298023224},"scale_filter":"disable","show_transition":{"duration":0},"visible":true},{"align":5,"bounds":{"x":0.0,"y":0.0},"bounds_align":0,"bounds_type":0,"crop_bottom":0,"crop_left":0,"crop_right":0,"crop_top":0,"group_item_backup":true,"hide_transition":{"duration":0},"id":10,"locked":true,"name":"Titre Musique.txt","pos":{"x":117.10791015625,"y":995.4310302734375},"private_settings":{},"rot":0.0,"scale":{"x":0.26414376497268677,"y":0.26433563232421875},"scale_filter":"disable","show_transition":{"duration":0},"visible":true},{"align":5,"bounds":{"x":0.0,"y":0.0},"bounds_align":0,"bounds_type":0,"crop_bottom":0,"crop_left":0,"crop_right":0,"crop_top":0,"group_item_backup":true,"hide_transition":{"duration":0},"id":11,"locked":true,"name":"Spectralizer","pos":{"x":109.41238403320312,"y":1031.74462890625},"private_settings":{},"rot":0.0,"scale":{"x":0.78262126445770264,"y":0.77831161022186279},"scale_filter":"disable","show_transition":{"duration":0},"visible":true},{"align":5,"bounds":{"x":0.0,"y":0.0},"bounds_align":0,"bounds_type":0,"crop_bottom":0,"crop_left":0,"crop_right":0,"crop_top":0,"group_item_backup":false,"hide_transition":{"duration":0},"id":9,"locked":true,"name":"Musique","pos":{"x":0.0,"y":972.0},"private_settings":{},"rot":0.0,"scale":{"x":0.48860397934913635,"y":0.48868778347969055},"scale_filter":"disable","show_transition":{"duration":0},"visible":false},{"align":5,"bounds":{"x":0.0,"y":0.0},"bounds_align":0,"bounds_type":0,"crop_bottom":0,"crop_left":0,"crop_right":0,"crop_top":0,"group_item_backup":false,"hide_transition":{"duration":0},"id":10,"locked":false,"name":"Spotify Jeu","pos":{"x":0.0,"y":0.0},"private_settings":{},"rot":0.0,"scale":{"x":1.0,"y":1.0},"scale_filter":"disable","show_transition":{"duration":0},"visible":true}]},"sync":0,"versioned_id":"scene","volume":1.0},{"balance":0.5,"deinterlace_field_order":0,"deinterlace_mode":0,"enabled":true,"flags":0,"hotkeys":{"OBSBasic.SelectScene":[],"libobs.hide_scene_item.Alert Box":[],"libobs.hide_scene_item.Chat Twitch":[],"libobs.hide_scene_item.Logo Pistolerance":[],"libobs.hide_scene_item.Musique":[],"libobs.hide_scene_item.Overlay_Fin_de_live_Orange_sans_faute.png":[],"libobs.hide_scene_item.SPOTIFY":[],"libobs.show_scene_item.Alert Box":[],"libobs.show_scene_item.Chat Twitch":[],"libobs.show_scene_item.Logo Pistolerance":[],"libobs.show_scene_item.Musique":[],"libobs.show_scene_item.Overlay_Fin_de_live_Orange_sans_faute.png":[],"libobs.show_scene_item.SPOTIFY":[]},"id":"scene","mixers":0,"monitoring_type":0,"muted":false,"name":"Fin","prev_ver":453050371,"private_settings":{},"push-to-mute":false,"push-to-mute-delay":0,"push-to-talk":false,"push-to-talk-delay":0,"settings":{"custom_size":false,"id_counter":7,"items":[{"align":5,"bounds":{"x":0.0,"y":0.0},"bounds_align":0,"bounds_type":0,"crop_bottom":0,"crop_left":0,"crop_right":0,"crop_top":0,"group_item_backup":false,"hide_transition":{"duration":0},"id":1,"locked":true,"name":"SPOTIFY","pos":{"x":0.0,"y":0.0},"private_settings":{},"rot":0.0,"scale":{"x":1.0,"y":1.0},"scale_filter":"disable","show_transition":{"duration":0},"visible":true},{"align":5,"bounds":{"x":0.0,"y":0.0},"bounds_align":0,"bounds_type":0,"crop_bottom":0,"crop_left":0,"crop_right":0,"crop_top":0,"group_item_backup":false,"hide_transition":{"duration":0},"id":2,"locked":true,"name":"Overlay_Fin_de_live_Orange_sans_faute.png","pos":{"x":0.0,"y":0.0},"private_settings":{},"rot":0.0,"scale":{"x":1.0,"y":1.0},"scale_filter":"disable","show_transition":{"duration":0},"visible":true},{"align":5,"bounds":{"x":0.0,"y":0.0},"bounds_align":0,"bounds_type":0,"crop_bottom":0,"crop_left":0,"crop_right":0,"crop_top":0,"group_item_backup":true,"hide_transition":{"duration":0},"id":9,"locked":true,"name":"Musique Cover","pos":{"x":0.0,"y":890.0},"private_settings":{},"rot":0.0,"scale":{"x":0.29720690846443176,"y":0.296875},"scale_filter":"disable","show_transition":{"duration":0},"visible":true},{"align":5,"bounds":{"x":0.0,"y":0.0},"bounds_align":0,"bounds_type":0,"crop_bottom":0,"crop_left":0,"crop_right":0,"crop_top":0,"group_item_backup":true,"hide_transition":{"duration":0},"id":10,"locked":true,"name":"Titre Musique.txt","pos":{"x":206.28887939453125,"y":931.22119140625},"private_settings":{},"rot":0.0,"scale":{"x":0.46529665589332581,"y":0.46503493189811707},"scale_filter":"disable","show_transition":{"duration":0},"visible":true},{"align":5,"bounds":{"x":0.0,"y":0.0},"bounds_align":0,"bounds_type":0,"crop_bottom":0,"crop_left":0,"crop_right":0,"crop_top":0,"group_item_backup":true,"hide_transition":{"duration":0},"id":11,"locked":true,"name":"Spectralizer","pos":{"x":192.73298645019531,"y":995.1063232421875},"private_settings":{},"rot":0.0,"scale":{"x":1.378609299659729,"y":1.3692518472671509},"scale_filter":"disable","show_transition":{"duration":0},"visible":true},{"align":5,"bounds":{"x":0.0,"y":0.0},"bounds_align":0,"bounds_type":0,"crop_bottom":0,"crop_left":0,"crop_right":0,"crop_top":0,"group_item_backup":false,"hide_transition":{"duration":0},"id":4,"locked":true,"name":"Musique","pos":{"x":0.0,"y":890.0},"private_settings":{"collapsed":true},"rot":0.0,"scale":{"x":0.86068964004516602,"y":0.85972851514816284},"scale_filter":"disable","show_transition":{"duration":0},"visible":false},{"align":5,"bounds":{"x":0.0,"y":0.0},"bounds_align":0,"bounds_type":0,"crop_bottom":0,"crop_left":0,"crop_right":0,"crop_top":0,"group_item_backup":false,"hide_transition":{"duration":0},"id":5,"locked":true,"name":"Chat Twitch","pos":{"x":1291.0,"y":109.0},"private_settings":{},"rot":0.0,"scale":{"x":1.0,"y":1.0},"scale_filter":"disable","show_transition":{"duration":0},"visible":true},{"align":5,"bounds":{"x":0.0,"y":0.0},"bounds_align":0,"bounds_type":0,"crop_bottom":0,"crop_left":0,"crop_right":0,"crop_top":0,"group_item_backup":false,"hide_transition":{"duration":0},"id":6,"locked":true,"name":"Logo Pistolerance","pos":{"x":1704.0,"y":70.0},"private_settings":{},"rot":0.0,"scale":{"x":0.27599999308586121,"y":0.27599999308586121},"scale_filter":"disable","show_transition":{"duration":0},"visible":true},{"align":5,"bounds":{"x":0.0,"y":0.0},"bounds_align":0,"bounds_type":0,"crop_bottom":0,"crop_left":0,"crop_right":0,"crop_top":0,"group_item_backup":false,"hide_transition":{"duration":0},"id":7,"locked":true,"name":"Alert Box","pos":{"x":301.0,"y":121.0},"private_settings":{},"rot":0.0,"scale":{"x":1.0,"y":1.0},"scale_filter":"disable","show_transition":{"duration":0},"visible":true}]},"sync":0,"versioned_id":"scene","volume":1.0},{"balance":0.5,"deinterlace_field_order":0,"deinterlace_mode":0,"enabled":true,"flags":0,"hotkeys":{"OBSBasic.SelectScene":[],"libobs.hide_scene_item.Alert Box":[],"libobs.hide_scene_item.Chat Twitch":[],"libobs.hide_scene_item.Logo Pistolerance":[],"libobs.hide_scene_item.Musique":[],"libobs.hide_scene_item.Overlay Petite Pause Orange.png":[],"libobs.hide_scene_item.SPOTIFY":[],"libobs.show_scene_item.Alert Box":[],"libobs.show_scene_item.Chat Twitch":[],"libobs.show_scene_item.Logo Pistolerance":[],"libobs.show_scene_item.Musique":[],"libobs.show_scene_item.Overlay Petite Pause Orange.png":[],"libobs.show_scene_item.SPOTIFY":[]},"id":"scene","mixers":0,"monitoring_type":0,"muted":false,"name":"Pause","prev_ver":453050371,"private_settings":{},"push-to-mute":false,"push-to-mute-delay":0,"push-to-talk":false,"push-to-talk-delay":0,"settings":{"custom_size":false,"id_counter":7,"items":[{"align":5,"bounds":{"x":0.0,"y":0.0},"bounds_align":0,"bounds_type":0,"crop_bottom":0,"crop_left":0,"crop_right":0,"crop_top":0,"group_item_backup":false,"hide_transition":{"duration":0},"id":1,"locked":true,"name":"Overlay Petite Pause Orange.png","pos":{"x":0.0,"y":0.0},"private_settings":{},"rot":0.0,"scale":{"x":1.0,"y":1.0},"scale_filter":"disable","show_transition":{"duration":0},"visible":true},{"align":5,"bounds":{"x":0.0,"y":0.0},"bounds_align":0,"bounds_type":0,"crop_bottom":0,"crop_left":0,"crop_right":0,"crop_top":0,"group_item_backup":false,"hide_transition":{"duration":0},"id":3,"locked":true,"name":"Chat Twitch","pos":{"x":1291.0,"y":113.0},"private_settings":{},"rot":0.0,"scale":{"x":1.0,"y":1.0},"scale_filter":"disable","show_transition":{"duration":0},"visible":true},{"align":5,"bounds":{"x":0.0,"y":0.0},"bounds_align":0,"bounds_type":0,"crop_bottom":0,"crop_left":0,"crop_right":0,"crop_top":0,"group_item_backup":false,"hide_transition":{"duration":0},"id":4,"locked":true,"name":"Logo Pistolerance","pos":{"x":1709.0,"y":73.0},"private_settings":{},"rot":0.0,"scale":{"x":0.25999999046325684,"y":0.25999999046325684},"scale_filter":"disable","show_transition":{"duration":0},"visible":true},{"align":5,"bounds":{"x":0.0,"y":0.0},"bounds_align":0,"bounds_type":0,"crop_bottom":0,"crop_left":0,"crop_right":0,"crop_top":0,"group_item_backup":false,"hide_transition":{"duration":0},"id":5,"locked":true,"name":"Alert Box","pos":{"x":360.0,"y":95.0},"private_settings":{},"rot":0.0,"scale":{"x":1.0462499856948853,"y":1.0466666221618652},"scale_filter":"disable","show_transition":{"duration":0},"visible":true},{"align":5,"bounds":{"x":0.0,"y":0.0},"bounds_align":0,"bounds_type":0,"crop_bottom":0,"crop_left":0,"crop_right":0,"crop_top":0,"group_item_backup":true,"hide_transition":{"duration":0},"id":9,"locked":true,"name":"Musique Cover","pos":{"x":0.0,"y":887.0},"private_settings":{},"rot":0.0,"scale":{"x":0.30084043741226196,"y":0.30156251788139343},"scale_filter":"disable","show_transition":{"duration":0},"visible":true},{"align":5,"bounds":{"x":0.0,"y":0.0},"bounds_align":0,"bounds_type":0,"crop_bottom":0,"crop_left":0,"crop_right":0,"crop_top":0,"group_item_backup":true,"hide_transition":{"duration":0},"id":10,"locked":true,"name":"Titre Musique.txt","pos":{"x":208.81089782714844,"y":928.8720703125},"private_settings":{},"rot":0.0,"scale":{"x":0.47098523378372192,"y":0.47237759828567505},"scale_filter":"disable","show_transition":{"duration":0},"visible":true},{"align":5,"bounds":{"x":0.0,"y":0.0},"bounds_align":0,"bounds_type":0,"crop_bottom":0,"crop_left":0,"crop_right":0,"crop_top":0,"group_item_backup":true,"hide_transition":{"duration":0},"id":11,"locked":true,"name":"Spectralizer","pos":{"x":195.08927917480469,"y":993.765869140625},"private_settings":{},"rot":0.0,"scale":{"x":1.3954637050628662,"y":1.3908716440200806},"scale_filter":"disable","show_transition":{"duration":0},"visible":true},{"align":5,"bounds":{"x":0.0,"y":0.0},"bounds_align":0,"bounds_type":0,"crop_bottom":0,"crop_left":0,"crop_right":0,"crop_top":0,"group_item_backup":false,"hide_transition":{"duration":0},"id":6,"locked":true,"name":"Musique","pos":{"x":0.0,"y":887.0},"private_settings":{"collapsed":true},"rot":0.0,"scale":{"x":0.87121212482452393,"y":0.87330317497253418},"scale_filter":"disable","show_transition":{"duration":0},"visible":false},{"align":5,"bounds":{"x":0.0,"y":0.0},"bounds_align":0,"bounds_type":0,"crop_bottom":0,"crop_left":0,"crop_right":0,"crop_top":0,"group_item_backup":false,"hide_transition":{"duration":0},"id":7,"locked":true,"name":"SPOTIFY","pos":{"x":0.0,"y":0.0},"private_settings":{},"rot":0.0,"scale":{"x":1.0,"y":1.0},"scale_filter":"disable","show_transition":{"duration":0},"visible":true}]},"sync":0,"versioned_id":"scene","volume":1.0},{"balance":0.5,"deinterlace_field_order":0,"deinterlace_mode":0,"enabled":true,"flags":0,"hotkeys":{"OBSBasic.SelectScene":[],"libobs.hide_scene_item.Alert Box":[],"libobs.hide_scene_item.Chat Twitch":[],"libobs.hide_scene_item.Countdown":[],"libobs.hide_scene_item.Logo Pistolerance":[],"libobs.hide_scene_item.MUSIQUE [NE PAS CLIQUEZ]":[],"libobs.hide_scene_item.Musique":[],"libobs.hide_scene_item.Overlay Debut de live Orange.png":[],"libobs.hide_scene_item.SPOTIFY":[],"libobs.show_scene_item.Alert Box":[],"libobs.show_scene_item.Chat Twitch":[],"libobs.show_scene_item.Countdown":[],"libobs.show_scene_item.Logo Pistolerance":[],"libobs.show_scene_item.MUSIQUE [NE PAS CLIQUEZ]":[],"libobs.show_scene_item.Musique":[],"libobs.show_scene_item.Overlay Debut de live Orange.png":[],"libobs.show_scene_item.SPOTIFY":[]},"id":"scene","mixers":0,"monitoring_type":0,"muted":false,"name":"Début","prev_ver":453050371,"private_settings":{},"push-to-mute":false,"push-to-mute-delay":0,"push-to-talk":false,"push-to-talk-delay":0,"settings":{"custom_size":false,"id_counter":13,"items":[{"align":5,"bounds":{"x":0.0,"y":0.0},"bounds_align":0,"bounds_type":0,"crop_bottom":0,"crop_left":0,"crop_right":0,"crop_top":0,"group_item_backup":false,"hide_transition":{"duration":0},"id":1,"locked":true,"name":"Overlay Debut de live Orange.png","pos":{"x":0.0,"y":0.0},"private_settings":{},"rot":0.0,"scale":{"x":1.0,"y":1.0},"scale_filter":"disable","show_transition":{"duration":0},"visible":true},{"align":5,"bounds":{"x":0.0,"y":0.0},"bounds_align":0,"bounds_type":0,"crop_bottom":0,"crop_left":0,"crop_right":0,"crop_top":0,"group_item_backup":false,"hide_transition":{"duration":0},"id":2,"locked":true,"name":"Chat Twitch","pos":{"x":1292.0,"y":106.0},"private_settings":{},"rot":0.0,"scale":{"x":1.0,"y":1.0},"scale_filter":"disable","show_transition":{"duration":0},"visible":true},{"align":5,"bounds":{"x":0.0,"y":0.0},"bounds_align":0,"bounds_type":0,"crop_bottom":0,"crop_left":0,"crop_right":0,"crop_top":0,"group_item_backup":false,"hide_transition":{"duration":0},"id":3,"locked":true,"name":"Logo Pistolerance","pos":{"x":1708.0,"y":72.0},"private_settings":{},"rot":0.0,"scale":{"x":0.25600001215934753,"y":0.25600001215934753},"scale_filter":"disable","show_transition":{"duration":0},"visible":true},{"align":5,"bounds":{"x":0.0,"y":0.0},"bounds_align":0,"bounds_type":0,"crop_bottom":104,"crop_left":342,"crop_right":0,"crop_top":37,"group_item_backup":false,"hide_transition":{"duration":0},"id":4,"locked":true,"name":"Countdown","pos":{"x":387.0,"y":668.0},"private_settings":{},"rot":0.0,"scale":{"x":1.0,"y":1.0},"scale_filter":"disable","show_transition":{"duration":0},"visible":true},{"align":5,"bounds":{"x":0.0,"y":0.0},"bounds_align":0,"bounds_type":0,"crop_bottom":0,"crop_left":0,"crop_right":0,"crop_top":0,"group_item_backup":false,"hide_transition":{"duration":0},"id":5,"locked":true,"name":"Alert Box","pos":{"x":484.0,"y":110.0},"private_settings":{},"rot":0.0,"scale":{"x":0.90125000476837158,"y":0.90166664123535156},"scale_filter":"disable","show_transition":{"duration":0},"visible":true},{"align":5,"bounds":{"x":0.0,"y":0.0},"bounds_align":0,"bounds_type":0,"crop_bottom":276,"crop_left":0,"crop_right":0,"crop_top":392,"group_item_backup":false,"hide_transition":{"duration":0},"id":7,"locked":true,"name":"MUSIQUE [NE PAS CLIQUEZ]","pos":{"x":0.0,"y":878.0},"private_settings":{},"rot":0.0,"scale":{"x":0.49062499403953552,"y":0.49029126763343811},"scale_filter":"disable","show_transition":{"duration":0},"visible":false},{"align":5,"bounds":{"x":0.0,"y":0.0},"bounds_align":0,"bounds_type":0,"crop_bottom":0,"crop_left":0,"crop_right":0,"crop_top":0,"group_item_backup":true,"hide_transition":{"duration":0},"id":9,"locked":true,"name":"Musique Cover","pos":{"x":0.0,"y":892.0},"private_settings":{},"rot":0.0,"scale":{"x":0.29299244284629822,"y":0.29375001788139343},"scale_filter":"disable","show_transition":{"duration":0},"visible":true},{"align":5,"bounds":{"x":0.0,"y":0.0},"bounds_align":0,"bounds_type":0,"crop_bottom":0,"crop_left":0,"crop_right":0,"crop_top":0,"group_item_backup":true,"hide_transition":{"duration":0},"id":10,"locked":true,"name":"Titre Musique.txt","pos":{"x":203.36366271972656,"y":932.78729248046875},"private_settings":{},"rot":0.0,"scale":{"x":0.45869866013526917,"y":0.46013984084129333},"scale_filter":"disable","show_transition":{"duration":0},"visible":true},{"align":5,"bounds":{"x":0.0,"y":0.0},"bounds_align":0,"bounds_type":0,"crop_bottom":0,"crop_left":0,"crop_right":0,"crop_top":0,"group_item_backup":true,"hide_transition":{"duration":0},"id":11,"locked":true,"name":"Spectralizer","pos":{"x":190.0,"y":995.99993896484375},"private_settings":{},"rot":0.0,"scale":{"x":1.3590604066848755,"y":1.3548387289047241},"scale_filter":"disable","show_transition":{"duration":0},"visible":true},{"align":5,"bounds":{"x":0.0,"y":0.0},"bounds_align":0,"bounds_type":0,"crop_bottom":0,"crop_left":0,"crop_right":0,"crop_top":0,"group_item_backup":false,"hide_transition":{"duration":0},"id":8,"locked":true,"name":"Musique","pos":{"x":0.0,"y":892.0},"private_settings":{"collapsed":true},"rot":0.0,"scale":{"x":0.84848487377166748,"y":0.85067874193191528},"scale_filter":"disable","show_transition":{"duration":0},"visible":false},{"align":5,"bounds":{"x":0.0,"y":0.0},"bounds_align":0,"bounds_type":0,"crop_bottom":0,"crop_left":0,"crop_right":0,"crop_top":0,"group_item_backup":false,"hide_transition":{"duration":0},"id":12,"locked":true,"name":"SPOTIFY","pos":{"x":0.0,"y":0.0},"private_settings":{},"rot":0.0,"scale":{"x":1.0,"y":1.0},"scale_filter":"disable","show_transition":{"duration":0},"visible":true}]},"sync":0,"versioned_id":"scene","volume":1.0},{"balance":0.5,"deinterlace_field_order":0,"deinterlace_mode":0,"enabled":true,"flags":0,"hotkeys":{},"id":"text_gdiplus","mixers":0,"monitoring_type":0,"muted":false,"name":"Countdown","prev_ver":453050371,"private_settings":{},"push-to-mute":false,"push-to-mute-delay":0,"push-to-talk":false,"push-to-talk-delay":0,"settings":{"color":4278233855,"font":{"face":"Bauhaus 93","flags":0,"size":256,"style":"Normal"},"outline":true,"outline_color":4278190080,"outline_size":20,"text":"00:04:48"},"sync":0,"versioned_id":"text_gdiplus_v2","volume":1.0},{"balance":0.5,"deinterlace_field_order":0,"deinterlace_mode":0,"enabled":true,"flags":0,"hotkeys":{"OBSBasic.SelectScene":[]},"id":"scene","mixers":0,"monitoring_type":0,"muted":false,"name":"Rien","prev_ver":453050371,"private_settings":{},"push-to-mute":false,"push-to-mute-delay":0,"push-to-talk":false,"push-to-talk-delay":0,"settings":{"custom_size":false,"id_counter":0,"items":[]},"sync":0,"versioned_id":"scene","volume":1.0},{"balance":0.5,"deinterlace_field_order":0,"deinterlace_mode":0,"enabled":true,"flags":0,"hotkeys":{"libobs.mute":[],"libobs.push-to-mute":[],"libobs.push-to-talk":[],"libobs.unmute":[]},"id":"browser_source","mixers":255,"monitoring_type":0,"muted":false,"name":"Alert Box","prev_ver":453050371,"private_settings":{},"push-to-mute":false,"push-to-mute-delay":0,"push-to-talk":false,"push-to-talk-delay":0,"settings":{"url":"https://streamlabs.com/alert-box/v3/1A825521FC2A650F8ADC"},"sync":0,"versioned_id":"browser_source","volume":1.0},{"balance":0.5,"deinterlace_field_order":0,"deinterlace_mode":0,"enabled":true,"flags":0,"hotkeys":{"hotkey_start":[],"hotkey_stop":[]},"id":"game_capture","mixers":0,"monitoring_type":0,"muted":false,"name":"Capture de Jeu","prev_ver":453050371,"private_settings":{},"push-to-mute":false,"push-to-mute-delay":0,"push-to-talk":false,"push-to-talk-delay":0,"settings":{"capture_mode":"window","window":"League of Legends:RCLIENT:LeagueClientUx.exe"},"sync":0,"versioned_id":"game_capture","volume":1.0},{"balance":0.5,"deinterlace_field_order":0,"deinterlace_mode":0,"enabled":true,"flags":0,"hotkeys":{},"id":"spectralizer","mixers":0,"monitoring_type":0,"muted":false,"name":"Spectralizer","prev_ver":453050371,"private_settings":{},"push-to-mute":false,"push-to-mute-delay":0,"push-to-talk":false,"push-to-talk-delay":0,"settings":{"audio_source":"SPOTIFY","bar_space":2,"color":4281108691,"corner_points":10,"corner_radius":0.5,"detail":30,"falloff":0.94999999999999996,"fifo_path":"/tmp/mpd.fifo","filter_mode":0,"filter_strength":1.5,"gravity":0.69999999999999996,"height":62,"log_freq_scale":false,"log_freq_scale_hpf_curve":20.0,"log_freq_scale_quality":0,"log_freq_scale_start":60.0,"log_freq_scale_use_hpf":true,"round_corners":true,"sample_rate":44100,"scale_boost":0.0,"scale_size":1.0,"sgs_passes":2,"sgs_points":3,"source_mode":0,"stereo":false,"undo_sname":"Spectralizer","use_auto_scale":true,"width":8,"wire_mode":0,"wire_thickness":5},"sync":0,"versioned_id":"spectralizer","volume":1.0},{"balance":0.5,"deinterlace_field_order":0,"deinterlace_mode":0,"enabled":true,"flags":0,"hotkeys":{"hotkey_start":[],"hotkey_stop":[],"libobs.mute":[],"libobs.push-to-mute":[],"libobs.push-to-talk":[],"libobs.unmute":[]},"id":"audio_capture","mixers":255,"monitoring_type":0,"muted":false,"name":"SPOTIFY","prev_ver":453050371,"private_settings":{},"push-to-mute":false,"push-to-mute-delay":0,"push-to-talk":false,"push-to-talk-delay":0,"settings":{"window":"Village People - YMCA:Chrome_WidgetWin_0:Spotify.exe"},"sync":0,"versioned_id":"audio_capture","volume":1.0},{"balance":0.5,"deinterlace_field_order":0,"deinterlace_mode":0,"enabled":true,"flags":0,"hotkeys":{"hotkey_start":[],"hotkey_stop":[],"libobs.mute":[],"libobs.push-to-mute":[],"libobs.push-to-talk":[],"libobs.unmute":[]},"id":"audio_capture","mixers":255,"monitoring_type":0,"muted":false,"name":"Spotify Jeu","prev_ver":453050371,"private_settings":{},"push-to-mute":false,"push-to-mute-delay":0,"push-to-talk":false,"push-to-talk-delay":0,"settings":{"window":"Ray Parker Jr. - Ghostbusters:Chrome_WidgetWin_0:Spotify.exe"},"sync":0,"versioned_id":"audio_capture","volume":0.1156293973326683},{"balance":0.5,"deinterlace_field_order":0,"deinterlace_mode":0,"enabled":true,"flags":0,"hotkeys":{"hotkey_start":[],"hotkey_stop":[],"libobs.mute":[],"libobs.push-to-mute":[],"libobs.push-to-talk":[],"libobs.unmute":[]},"id":"audio_capture","mixers":255,"monitoring_type":0,"muted":false,"name":"Son League Of Legends","prev_ver":453050371,"private_settings":{},"push-to-mute":false,"push-to-mute-delay":0,"push-to-talk":false,"push-to-talk-delay":0,"settings":{"exclude_process_tree":false,"mode":0,"window":"League of Legends:RCLIENT:LeagueClientUx.exe","window_priority":2},"sync":0,"versioned_id":"audio_capture","volume":0.12001021206378937},{"balance":0.5,"deinterlace_field_order":0,"deinterlace_mode":0,"enabled":true,"flags":0,"hotkeys":{},"id":"window_capture","mixers":0,"monitoring_type":0,"muted":false,"name":"Capture de fenêtre","prev_ver":453050371,"private_settings":{},"push-to-mute":false,"push-to-mute-delay":0,"push-to-talk":false,"push-to-talk-delay":0,"settings":{"window":"Photopea | Online Photo Editor - Google Chrome:Chrome_WidgetWin_1:chrome.exe"},"sync":0,"versioned_id":"window_capture","volume":1.0},{"balance":0.5,"deinterlace_field_order":0,"deinterlace_mode":0,"enabled":true,"flags":0,"hotkeys":{},"id":"image_source","mixers":0,"monitoring_type":0,"muted":false,"name":"New Overlay","prev_ver":453050371,"private_settings":{},"push-to-mute":false,"push-to-mute-delay":0,"push-to-talk":false,"push-to-talk-delay":0,"settings":{"file":"C:/Users/skist/Desktop/Fichier OBS/Stream Overlay Template #12-Récupéré.png","linear_alpha":false,"unload":false},"sync":0,"versioned_id":"image_source","volume":1.0},{"balance":0.5,"deinterlace_field_order":0,"deinterlace_mode":0,"enabled":true,"flags":0,"hotkeys":{},"id":"image_source","mixers":0,"monitoring_type":0,"muted":false,"name":"chat.png","prev_ver":453050371,"private_settings":{},"push-to-mute":false,"push-to-mute-delay":0,"push-to-talk":false,"push-to-talk-delay":0,"settings":{"file":"C:/Users/skist/Desktop/Fichier OBS/chat.png"},"sync":0,"versioned_id":"image_source","volume":1.0},{"balance":0.5,"deinterlace_field_order":0,"deinterlace_mode":0,"enabled":true,"flags":0,"hotkeys":{},"id":"window_capture","mixers":0,"monitoring_type":0,"muted":false,"name":"Capture de fenêtre 2","prev_ver":453050371,"private_settings":{},"push-to-mute":false,"push-to-mute-delay":0,"push-to-talk":false,"push-to-talk-delay":0,"settings":{"window":"Photopea | Online Photo Editor - Google Chrome:Chrome_WidgetWin_1:chrome.exe"},"sync":0,"versioned_id":"window_capture","volume":1.0},{"balance":0.5,"deinterlace_field_order":0,"deinterlace_mode":0,"enabled":true,"filters":[{"balance":0.5,"deinterlace_field_order":0,"deinterlace_mode":0,"enabled":true,"flags":0,"hotkeys":{},"id":"color_filter","mixers":0,"monitoring_type":0,"muted":false,"name":"Corrections colorimétrique","prev_ver":453050371,"private_settings":{},"push-to-mute":false,"push-to-mute-delay":0,"push-to-talk":false,"push-to-talk-delay":0,"settings":{"opacity":0.6089},"sync":0,"versioned_id":"color_filter_v2","volume":1.0}],"flags":0,"hotkeys":{"libobs.mute":[],"libobs.push-to-mute":[],"libobs.push-to-talk":[],"libobs.unmute":[]},"id":"browser_source","mixers":255,"monitoring_type":0,"muted":false,"name":"Chat Jeu","prev_ver":453050371,"private_settings":{},"push-to-mute":false,"push-to-mute-delay":0,"push-to-talk":false,"push-to-talk-delay":0,"settings":{"css":"body { background-color: rgba(0, 0, 0, 0); margin: 0px auto; overflow: hidden; }","fps":30,"fps_custom":false,"height":460,"reroute_audio":false,"restart_when_active":false,"shutdown":false,"url":"https://streamlabs.com/widgets/chat-box/v1/1A825521FC2A650F8ADC","webpage_control_level":1,"width":450},"sync":0,"versioned_id":"browser_source","volume":1.0},{"balance":0.5,"deinterlace_field_order":0,"deinterlace_mode":0,"enabled":true,"flags":0,"hotkeys":{},"id":"image_source","mixers":0,"monitoring_type":0,"muted":false,"name":"Overlay_Fin_de_live_Orange_sans_faute.png","prev_ver":453050371,"private_settings":{},"push-to-mute":false,"push-to-mute-delay":0,"push-to-talk":false,"push-to-talk-delay":0,"settings":{"file":"C:/Users/skist/Desktop/Fichier OBS/Overlay_Fin_de_live_Orange_sans_faute.png"},"sync":0,"versioned_id":"image_source","volume":1.0}],"transition_duration":300,"transitions":[{"id":"obs_stinger_transition","name":"Transition Pistolerance","settings":{"hw_decode":true,"path":"C:/Users/skist/Desktop/Fichier OBS/Diagonal Dialogue.webm","tp_type":0,"transition_point":1000}}]}